Informations générales - Code INSEE de la commune,nom_commune,dsr_garantie_commune_nouvelle_fraction_cible,dsr_garantie_commune_nouvelle_fraction_perequation,dsr_garantie_commune_nouvelle_fraction_bourg_centre
01015,ARBOYS EN BUGEY,0,23825,0
01025,BÂGÉ-DOMMARTIN,0,87650,102761
01033,VALSERHÔNE,0,80157,0
01036,VALROMEY-SUR-SÉRAN,0,70907,0
01080,CHAMPDOR-CORCELLES,0,24495,44784
01095,NIVIGNE ET SURAN,0,26642,0
01098,CHAZEY-BONS,0,16796,0
01130,BRESSE VALLONS,0,29267,0
01185,PLATEAU D'HAUTEVILLE,0,149555,183224
01187,HAUT VALROMEY,0,50944,59426
01204,LE POIZAT-LALLEYRIAT,0,38294,0
01215,SURJOUX-LHOPITAL,0,7195,0
01227,MAGNIEU,0,8947,0
01286,PARVES ET NATTAGES,0,29826,0
01338,GROSLÉE-SAINT-BENOIT,0,31856,41431
01426,VAL-REVERMONT,0,68173,98738
01453,ARVIÈRE-EN-VALROMEY,8924,29001,0
02018,ANIZY-LE-GRAND,53207,41725,113634
02053,VALLÉES EN CHAMPAGNE,0,21705,0
02153,CESSIERES-SUZY,7883,13816,0
02360,VILLENEUVE-SUR-AISNE,0,44309,111961
02439,LES SEPTVALLONS,42793,36812,0
02458,DHUYS ET MORIN-EN-BRIE,0,26393,0
03158,HAUT-BOCAGE,0,35526,0
03168,MEAULNE-VITRAY,0,22178,40597
04033,UBAYE-SERRE-PONCON,0,24447,20436
04120,VAL D'ORONAYE,0,37110,0
05001,ABRIES-RISTOLAS,0,44657,58913
05024,VALDOULE,16907,13411,0
05039,AUBESSAGNE,23405,25014,32007
05053,GARDE-COLOMBE,0,17324,22578
05101,VALLOUISE-PELVOUX,0,57732,109451
05118,VAL BUËCH-MÉOUGE,0,52497,69368
05132,SAINT-BONNET-EN-CHAMPSAUR,0,76773,183036
05139,DEVOLUY,130882,111967,393892
07011,VALLEES-D'ANTRAIGUES-ASPERJOC,46837,35100,41922
07103,SAINT-JULIEN-D'INTRES,0,19688,0
07165,BELSENTES,0,45973,0
07262,SAINT-LAURENT-LES-BAINS-LAVAL-D'AURELLE,6719,19356,21358
08053,BAZEILLES,6692,30823,0
08115,CHEMERY-CHEHERY,20158,16792,0
08116,BAIRON ET SES ENVIRONS,33585,29431,102400
08145,DOUZY,61549,53523,174288
08173,FLIZE,0,25992,48182
08198,GRANDPRE,0,17217,44336
08311,MOUZON,3731,34830,113245
08490,VOUZIERS,90875,75797,313023
08491,VRIGNE AUX BOIS,9513,58333,0
09062,BORDES-UCHENTEIN,941,14790,0
09296,AULOS-SINSAT,0,4627,0
09334,VAL-DE-SOS,0,20083,48564
10003,AIX-VILLEMAUR-PÂLIS,110493,98003,307045
11080,VAL DE LAMBRONNE,17087,13835,0
11131,VAL-DU-FABY,27019,20880,0
11251,VAL-DE-DAGNE,23047,24212,50289
11304,QUILLAN,6376,71246,245215
11323,ROQUETAILLADE-ET-CONILHAC,0,2127,0
12021,LE BAS SÉGALA,174455,143807,114712
12076,CONQUES-EN-ROUERGUE,145065,151144,132786
12090,DRUELLE-BALSAC,0,103786,0
12120,LAISSAC-SÉVÉRAC L'EGLISE,89572,65023,147982
12177,PALMAS D'AVEYRON,61989,50241,96312
12223,ARGENCES EN AUBRAC,0,98714,36864
12224,SAINT GENIEZ D'OLT ET D'AUBRAC ,141353,111183,223840
12270,SÉVÉRAC D'AVEYRON,242905,204243,333969
14005,VALAMBRAY,2890,40888,0
14011,AURSEULLES,67612,54260,68544
14014,COLOMBY-ANGUERNY,22889,21083,0
14027,LES-MONTS-D'AUNAY,135370,101408,276334
14035,BALLEROY-SUR-DROME,34025,27767,103696
14037,MALHERBE-SUR-AJON,19687,15114,0
14061,SOULEUVRE EN BOCAGE,333150,285073,121213
14098,THUE-ET-MUE,132227,111421,109399
14126,CAMBREMER,44972,34623,90485
14143,CAUMONT-SUR-AURE,69512,55768,133813
14150,CESNY-LES-SOURCES,45073,35718,0
14174,CONDE-EN-NORMANDIE,162445,142990,174398
14200,CREULLY-SUR-SEULLES,58120,42795,121738
14281,FORMIGNY-LA-BATAILLE,5903,26629,0
14342,ISIGNY-SUR-MER,112036,84104,220607
14347,DIALAN-SUR-CHAINE,38166,31924,0
14349,LAIZE-CLINCHAMPS,49546,38650,0
14355,PONTS-SUR-SEULLES,36470,28624,0
14357,TERRES DE DRUANCE,47711,36541,0
14371,LIVAROT-PAYS-D'AUGE,230060,184018,161026
14406,MOULINS-EN-BESSIN,34948,28201,0
14410,MERY-BISSIERES-EN-AUGE,27304,24356,0
14431,MEZIDON-VALLEE-D'AUGE,120026,221954,371316
14456,MOULT-CHICHEBOVILLE,0,44008,0
14474,NOTRE-DAME-D'ESTREES-CORBON,0,7556,0
14475,VAL D'ARRY,64431,54072,140998
14514,PONT-L'EVÊQUE,82462,70119,234577
14527,BELLE-VIE-EN-AUGE,0,13994,0
14538,CASTINE-EN-PLAINE,0,16558,0
14543,ROTS,8478,39829,0
14554,LE CASTELET,0,21186,0
14570,VALORBIQUET,76942,66691,171522
14576,VAL-DE-VIE,0,19146,0
14579,SEULLINE,47582,39175,0
14591,AURE SUR MER,22735,20018,0
14654,SAINT-PIERRE-EN-AUGE,247242,193089,442043
14658,NOUES DE SIENNE,166883,140756,120818
14672,VAL-DE-DROME,29107,23615,0
14689,LE HOM,117298,90953,207073
14713,MONTILLIERES-SUR-ORNE,21452,16534,0
14726,VALDALLIERE,243661,210083,208619
14740,LA VESPIÈRE-FRIARDEL,0,25461,0
14762,VIRE NORMANDIE,77102,152537,251496
15027,PUYCAPEL,24718,45158,0
15108,VAL D'ARCOMIE,0,93788,92890
15138,MURAT,0,46533,145813
15141,NEUSSARGUES EN PINATELLE,126524,94864,171599
15142,NEUVEGLISE-SUR-TRUYERE ,0,108725,141711
15181,SAINT CONSTANT - FOURNOULES,0,45670,0
15268,LE ROUGET - PERS,0,49876,116218
16005,AIGRE,0,30171,79028
16023,AUNAC SUR CHARENTE,27005,22202,0
16046,COTEAUX-DU-BLANZACAIS,0,26186,52120
16082,BOISNÉ - LA TUDE,32111,27664,0
16106,CONFOLENS,0,43567,155242
16110,COURCÔME,6298,27043,0
16148,GENAC-BIGNAC,0,35249,0
16153,MAINXE-GONDEVILLE,0,24873,0
16175,VAL DES VIGNES,0,48121,85109
16192,TERRES-DE-HAUTE-CHARENTE,15326,76627,21936
16204,BELLEVIGNE,0,49909,64924
16224,MONTMERAC,0,24800,0
16230,MONTMOREAU,97195,77490,115018
16281,LA ROCHEFOUCAULD-EN-ANGOUMOIS,31073,60771,132030
16286,ROUILLAC,0,71341,91162
16300,VAL-DE-BONNIEURE,22223,35459,0
16339,VAL-D'AUGE,0,42911,0
16406,MOULINS-SUR-TARDOIRE,0,18153,0
17160,FLOIRAC,2241,11656,0
17219,MARENNES-HIERS-BROUAGE,123752,112464,357781
17277,ESSOUVERT,54692,44744,0
17295,REAUX SUR TREFLE,0,25846,0
17340,SAINT-PIERRE-LA-NOUE,0,32746,0
17344,SAINT-HILAIRE-DE-VILLEFRANCHE,0,32226,80929
17457,LA DEVISE,0,26423,0
18023,BAUGY,42866,41495,110448
18073,CORQUOY,0,6575,0
19010,ARGENTAT-SUR-DORDOGNE,0,69770,184960
19019,BEAULIEU-SUR-DORDOGNE,0,25744,73009
19098,LAGARDE-MARC-LA-TOUR,0,39568,0
19101,LAGUENNE-SUR-AVALOUZE,0,35031,0
19123,MALEMORT,0,120586,0
19252,SARROUX-SAINT-JULIEN,0,42925,38028
21178,VALFORÊT,0,6438,0
21183,COLLONGES-ET-PREMIERES,1308,17159,0
21195,CORMOT-VAUCHIGNON,0,5762,0
21272,LE VAL-LARREY,5069,6862,0
21327,VAL-MONT,0,10021,0
21352,LONGEAULT-PLUVAULT,0,14277,0
21452,NEUILLY-CRIMOLOIS,0,28737,0
21623,TART,33824,30072,0
22046,LE MENE,0,187510,301241
22050,DINAN,0,46415,387706
22055,BINIC-ETABLES-SUR-MER,173532,147738,548216
22084,JUGON-LES-LACS-COMMUNE NOUVELLE ,103095,84500,158787
22093,LAMBALLE-ARMOR,80147,110964,0
22107,BON REPOS SUR BLAVET,0,54119,98732
22158,GUERLEDAN,0,71495,112890
22183,PLÉMET,94556,105357,233302
22203,PLOEUC-L'HERMITAGE,166286,143831,265955
22206,CHATELAUDREN-PLOUAGAT,0,75425,189830
22209,BEAUSSAIS-SUR-MER,121444,96494,240717
22219,PLOUGUENAST-LANGAST,0,81247,102297
22251,PORDIC,200042,167780,0
22264,LA ROCHE-JAUDY,78122,69288,174642
23109,LINARD-MALVAL,14477,10501,0
23149,PARSAC-RIMONDEIX,37120,30571,67808
23189,SAINT-DIZIER-MASBARAUD,39611,39579,0
23192,FURSAC,73573,62802,175123
24026,BASSILLAC ET AUBEROCHE,156140,119226,216366
24028,BEAUMONTOIS  EN PERIGORD,0,65573,127837
24035,PAYS DE BELVES,0,45465,115860
24053,BOULAZAC ISLE MANOIRE,0,219737,0
24064,BRANTOME EN PERIGORD,0,121386,153253
24087,CASTELS ET BEZENAC,38453,30335,0
24117,LES COTEAUX PERIGOURDINS,0,20225,0
24142,COUX ET BIGAROQUE-MOUZENS,0,48162,95825
24147,CUBJAC-AUVEZERE-VAL D'ANS,48550,40526,0
24172,LES EYZIES,0,37619,0
24216,LA JEMAYE-PONTEYRAUD,0,9095,0
24253,MAREUIL EN PERIGORD,0,99677,103847
24259,EYRAUD-CREMPSE-MAURENS,29240,42079,62715
24312,SANILHAC,0,104966,305266
24316,PARCOUL-CHENAUD,42612,34576,0
24362,VAL DE LOUYRE ET CAUDEAU,82016,71233,129608
24364,COLY-SAINT-AMAND,0,26881,0
24376,SAINT AULAYE-PUYMANGOU,4275,47115,124766
24423,SAINT-JULIEN-INNOCENCE-EULALIE,0,12140,0
24490,SAINT PRIVAT EN PERIGORD,53857,44616,109951
24534,SIGOULES-ET-FLAUGEAC,12297,28264,60263
24540,SORGES ET LIGUEUX EN PERIGORD,0,57730,154002
24554,LA TOUR-BLANCHE-CERCLES,0,20001,0
25035,LES AUXONS,0,37136,0
25078,BOUCLANS,26498,24556,0
25147,CHEMAUDIN ET VAUX,0,28765,0
25156,PAYS-DE-CLERVAL,0,4356,0
25222,ETALANS,44203,35891,0
25245,FONTAIN,0,27095,0
25334,LEVIER,72715,59396,150089
25368,MARCHAUX-CHAUDEFONTAINE,0,19003,34854
25424,LES PREMIERS SAPINS,94785,75272,0
25434,ORNANS,1984,60721,74058
25438,OSSELLE-ROUTELLE,0,17869,0
25460,LE VAL,9240,7502,0
25529,SANCEY  ,0,44485,83553
25558,TARCENAY-FOUCHERANS,48770,37291,0
25575,VAIRE,0,16489,0
26001,SOLAURE EN DIOIS,26860,16068,0
26086,CHÂTILLON-EN-DIOIS,36593,30898,58583
26179,  MERCUROL-VEAUNES,0,44529,0
26210,VALHERBASSE,0,27659,0
27011,AMFREVILLE-SAINT-AMAND,25923,29310,71787
27022,LE VAL D'HAZEY,0,67386,85527
27032,CHAMBOIS,53302,44202,0
27049,MESNIL-EN-OUCHE,236529,197554,236926
27062,LES MONTS DU ROUMOIS,55025,42409,0
27070,FRENELLES-EN-VEXIN,0,37338,0
27085,FLANCOURT-CRESCY-EN-ROUMOIS,50520,39758,0
27089,THÉNOUVILLE,0,21054,0
27090,BOSROUMOIS,85711,68140,0
27105,GRAND BOURGTHEROULDE,92435,74954,0
27107,BOURNEVILLE-SAINTE-CROIX,0,33821,79920
27112,BRETEUIL,144235,121290,275883
27157,MARBOIS,59534,47748,81300
27191,CLEF VALLÉE D'EURE,0,54883,138667
27198,MESNILS-SUR-ITON,191799,174170,160858
27213,VEXIN-SUR-EPTE,197763,174441,127554
27263,LE PERREY,0,31051,0
27277,LA BARONNIE,21449,19442,0
27290,GOUPIL-OTHON,22362,26909,0
27294,VAL D'ORGER,31253,24746,0
27302,LE BOSC DU THEIL,36627,30802,0
27412,TERRES DE BORD,0,26464,0
27425,NASSANDRES SUR RISLE,0,48154,90088
27447,LE VAL-DORÉ,16759,25921,0
27448,PACY-SUR-EURE,0,82006,234516
27467,PONT-AUDEMER,28888,128821,239924
27471,PORTE-DE-SEINE,0,5436,0
27516,TREIS-SANTS-EN-OUCHE,0,34239,0
27541,LE MESNIL-SAINT-JEAN,4689,6157,0
27554,LA CHAPELLE-LONGUEVILLE,0,58644,0
27565,LE LESME,28761,23959,0
27578,SAINTE-MARIE-D'ATTEZ,0,24503,0
27638,LE THUIT DE L'OISON,83146,69730,223257
27676,LES TROIS LACS,0,40931,0
27679,VERNEUIL D'AVRE ET D'ITON,33336,141854,323834
27685,LA VIEILLE-LYRE,0,21828,0
27693,SYLVAINS-LÈS-MOULINS,0,39650,0
28012,COMMUNE NOUVELLE D'ARROU,151991,119060,156358
28015,AUNEAU-BLEURY-SAINT SYMPHORIEN,0,90336,145597
28018,AUTHON-DU-PERCHE,0,31274,73656
28103,CLOYES LES TROIS RIVIÈRES,203158,153241,228155
28127,DANGEAU,0,28500,0
28183,GOMMERVILLE,0,12811,0
28185,GOUSSAINVILLE,0,24567,0
28199,JANVILLE-EN-BEAUCE,0,40338,99697
28236,ARCISSES,30290,49976,0
28254,MITTAINVILLIERS-VERIGNY,0,26473,0
28330,VILLEMAURY,0,45648,0
28331,SAINTIGNY,21463,31232,0
28334,SAINT-DENIS-LANNERAY,0,34298,0
28383,THEUVILLE,0,16072,0
28406,ÉOLE-EN-BEAUCE,0,76626,0
28422,LES VILLAGES VOVEENS,102058,83790,292910
29003,AUDIERNE,98939,78343,256924
29021,PLOUNÉOUR-BRIGNOGAN-PLAGES,0,53201,0
29076,MILIZAC-GUIPRONVEL,149256,121759,0
29199,PLOUIGNEAU,137800,109780,223448
29227,POULLAOUEN,0,62040,0
29266,SAINT-THÉGONNEC LOC-EGUINER,0,87418,167155
30052,BRÉAU-MARS,29027,26641,0
30339,VAL-D'AIGOUAL,66183,50480,213015
31277,LASSERRE-PRADÈRE,24003,24958,0
31412,PÉGUILHAN,0,3444,0
31471,SAINT-BEAT-LEZ,2733,9928,24962
32079,CASTELNAU D'AUZAN LABARRERE,8353,45791,83864
32344,RISCLE,0,39343,125869
33008,PORTE-DE-BENAUGE,0,15683,0
33018,VAL DE VIRVEE,90180,72105,0
33055,BLAIGNAN-PRIGNAC,0,15280,0
33106,CASTETS-ET-CASTILLON,0,31124,0
33268,MARGAUX-CANTENAC,0,55541,0
33380,VAL-DE-LIVENNE,0,43800,0
34246,ENTRE-VIGNES,0,35595,0
35004,VAL-COUESNON,62065,95388,141530
35060,LA CHAPELLE DU LOU DU LAC,28949,23321,0
35069,CHATEAUGIRON,0,168821,406654
35163,LUITRÉ-DOMPIERRE,0,49100,0
35168,VAL D'ANAST,120138,97160,217434
35176,GUIPRY-MESSAC,242378,202422,363241
35184,MONTAUBAN-DE-BRETAGNE,13295,89432,189859
35191,LES PORTES DU COGLAIS,72400,56432,171696
35220,PIRÉ-CHANCÉ,0,62934,0
35257,MAEN ROCH,0,101275,192948
35282,RIVES-DU-COUESNON,91191,77692,0
35292,SAINT-MARC-LE-BLANC,45052,40485,0
35308,MESNIL-ROC'H,95689,82331,162533
36093,LEVROUX,0,68691,199630
36202,SAINT-MAUR ,0,57251,0
36229,VAL-FOUZON,0,38197,53574
36244,VILLENTROIS-FAVEROLLES-EN-BERRY,28897,41479,0
37021,BEAUMONT-LOUESTAULT,59513,43675,0
37123,LANGEAIS,0,86463,241049
37232,COTEAUX-SUR-LOIRE,75382,58249,0
37254,TAUXIGNY-SAINT-BAULD,0,38564,0
38001,LES ABRETS EN DAUPHINÉ,169176,131004,327183
38022,LES AVENIERES VEYRINS-THUELLIN,170674,135970,273079
38073,CHANTEPÉRIER,0,10817,0
38152,ECLOSE-BADINIERES,0,28592,0
38163,LE HAUT-BRÉDA,0,13435,0
38225,AUTRANS-MEAUDRE EN VERCORS,0,125963,87590
38253,LES DEUX-ALPES,0,73872,94523
38284,ORNACIEUX-BALBINS,0,21650,0
38292,VILLAGES DU LAC DE PALADRU,0,65400,117228
38297,ARANDON-PASSINS,0,43549,0
38359,SAINT-ANTOINE-L'ABBAYE,0,57963,0
38395,PLATEAU-DES-PETITES-ROCHES,0,44637,0
38407,LA SURE EN CHARTREUSE,0,31164,0
38439,CRETS EN BELLEDONNE,0,65910,51845
38456,CHATEL-EN-TRIEVES,0,29652,10422
38479,PORTE-DES-BONNEVAUX,26725,46800,0
38560,VAL-DE-VIRIEU,0,35389,44948
39016,ARINTHOD,0,20085,49096
39017,ARLAY,0,27977,51756
39018,AROMAS,27420,23252,0
39021,LA CHAILLEUSE,17654,19734,0
39043,BEAUFORT-ORBAGNA,0,27085,48045
39130,NANCHEZ,0,34584,0
39137,SAINT-HYMETIERE-SUR-VALOUSE,0,12908,0
39177,HAUTEROCHE,0,22379,0
39190,DAMPIERRE,26709,22399,58211
39199,DOMBLANS,0,20898,33801
39209,VAL D'EPY,4030,14762,0
39258,GRANDE-RIVIERE CHATEAU,10635,24488,0
39273,MONTLAINSIA,0,12230,0
39286,LAVANS-LES-SAINT-CLAUDE,0,52263,0
39290,VALZIN EN PETITE MONTAGNE,22969,19546,0
39329,MIEGES,0,8966,0
39331,MIGNOVILLARD,0,26183,26480
39339,CHASSAL-MOLINGES,0,12814,0
39368,HAUTS DE BIENNE,128770,113458,322623
39378,LES TROIS CHATEAUX,0,18393,0
39485,VAL SURAN,4412,27163,45388
39491,COTEAUX DU LIZON,0,54034,128649
39510,SEPTMONCEL LES MOLUNES,0,32890,0
39530,THOIRETTE-COISIA,0,20620,70665
39537,TRENAL,0,8676,0
39576,VAL-SONNETTE,0,22683,44528
39577,VINCENT-FROIDEVILLE,1484,9527,0
39583,VOSBLES-VALFIN,4486,9326,0
40197,MORCENX-LA-NOUVELLE,6697,86627,203319
40243,RION-DES-LANDES,0,51679,45311
41055,VALLOIRE-SUR-CISSE,0,51228,127136
41059,LE CONTROIS-EN-SOLOGNE,25568,127137,94848
41070,VALLEE-DE-RONSARD,0,16587,0
41142,VALENCISSE,0,57802,141790
41151,MONTRICHARD VAL DE CHER,0,66896,201833
41167,VEUZAIN-SUR-LOIRE,87136,75841,220966
41171,OUCQUES LA NOUVELLE,55501,44588,141305
41173,BEAUCE LA ROMAINE,118696,95136,232226
41248,COUËTRON-AU-PERCHE,0,36636,0
42039,CHALMAZEL - JEANSAGNIERE,0,34250,30284
42245,VÊTRE-SUR-ANZON,0,17262,0
42268,VÉZELIN-SUR-LOIRE,0,34785,0
43090,ESPLANTAS-VAZEILLES,24641,16281,0
43221,SAINT-PRIVAT-D'ALLIER,0,38601,0
43245,THORAS,3708,44538,0
44003,ANCENIS-SAINT-GEREON,0,120475,29358
44005,CHAUMES-EN-RETZ,218278,174945,0
44021,VILLENEUVE-EN-RETZ,197427,155905,312082
44029,DIVATTE-SUR-LOIRE,179317,153689,375124
44087,MACHECOUL-SAINT-MEME,225880,166219,350644
44163,VAIR-SUR-LOIRE,0,115225,234268
44180,VALLONS-DE-L'ERDRE,0,145285,106284
44213,LOIREAUXENCE,258864,211085,369864
45051,BRAY-SAINT AIGNAN,0,32472,7241
45129,DOUCHY - MONTCORBON,0,59127,0
45191,LE MALESHERBOIS,0,133118,131732
45307,SELLE-SUR-LE-BIED,0,29180,0
46033,PORTE-DU-QUERCY,14699,33510,0
46063,CASTELNAU MONTRATIER - SAINTE ALAUZIE,84378,70527,164657
46083,CRESSENSAC-SARRAZAC,0,32238,0
46103,SAINT-PAUL-FLAUGNAC,54923,44245,76823
46138,COEUR-DE-CAUSSE,0,63689,73025
46156,BELLEFONT - LA RAUZE,0,33911,0
46201,MONTCUQ-EN-QUERCY-BLANC,93469,76913,157765
46232,LE VIGNON-EN-QUERCY,23559,28372,0
46252,LES PECHS DU VERS,3609,17108,38952
46262,LENDOU-EN-QUERCY,0,27804,0
46263,BARGUELONNE-EN-QUERCY,26763,28813,0
46268,SAINT GÉRY - VERS,0,29714,75259
46311,SOUSCEYRAC-EN-QUERCY,36869,105847,104100
48009,PEYRE EN AUBRAC,0,172899,157826
48017,BANASSAC-CANILHAC,0,54393,67905
48027,MONT LOZERE ET GOULET,119072,89373,63264
48038,BEL-AIR-VAL-D'ANCE,0,34106,22986
48050,BEDOUES-COCURES,0,30341,0
48061,FLORAC TROIS RIVIERES,111588,91631,202173
48087,PRINSUEJOLS-MALBOUZON,0,42290,20945
48094,MASSEGROS CAUSSES GORGES,0,93299,40636
48099,BOURGS SUR COLAGNE,0,91618,138446
48105,NAUSSAC-FONTANES,0,14803,0
48116,PONT DE MONTVERT - SUD MONT LOZERE,0,70671,57874
48126,LACHAMP-RIBENNES,0,24015,0
48127,MONTS-DE-RANDON,3271,82698,49182
48139,SAINT BONNET-LAVAL,0,27154,17127
48146,GORGES DU TARN CAUSSES,0,85188,69022
48152,VENTALON EN CEVENNES,0,46018,28680
48166,CANS  ET CEVENNES,0,28666,0
49003,TUFFALUN,75935,66617,132908
49018,BAUGE-EN-ANJOU,78090,301977,140541
49021,BEAUFORT EN ANJOU,188128,165891,510610
49023,BEAUPREAU-EN-MAUGES,106502,453052,325751
49029,BLAISON-SAINT-SULPICE,48204,39576,0
49050,BRISSAC LOIRE AUBANCE,20989,286878,199170
49060,BELLEVIGNE-LES-CHÂTEAUX,0,58852,0
49067,CHENILLE-CHAMPTEUSSE,0,8220,0
49069,OREE-D'ANJOU,275133,386830,304227
49080,LES HAUTS-D'ANJOU,259349,205567,335049
49086,TERRANJOU,138159,112588,271381
49092,CHEMILLE-EN-ANJOU,19681,476455,257874
49125,DOUE-EN-ANJOU,164704,282625,468953
49138,LES BOIS D'ANJOU,108424,86292,232191
49160,INGRANDES-LE FRESNE SUR LOIRE,51937,46605,0
49163,JARZE-VILLAGES,0,74974,180341
49167,LES GARENNES SUR LOIRE,126204,99534,0
49174,HUILLÉ-LÉZIGNÉ,0,31312,0
49176,LE-LION-D'ANGERS,138166,103649,271608
49183,VAL-D'ERDRE-AUXENCE,173999,145029,273328
49194,MAZE-MILON,177594,141381,414667
49200,LONGUENEE-EN-ANJOU,164702,137870,0
49218,MONTREVAULT-SUR-EVRE,77874,360472,145878
49220,MORANNES-SUR-SARTHE-DAUMERAY,0,94371,147665
49228,NOYANT-VILLAGES,240646,182964,289946
49244,MAUGES-SUR-LOIRE,126386,399240,497852
49248,OMBRÉE D'ANJOU,312111,232036,394752
49261,GENNES VAL DE LOIRE,157446,217278,157094
49292,VAL-DU-LAYON,95557,87167,236171
49298,SAINT-LÉGER-DE-LINIÈRES,0,58882,0
49301,SEVREMOINE,372950,520474,405269
49307,LOIRE-AUTHION,51571,333842,0
49323,VERRIERES-EN-ANJOU,0,129233,0
49331,SEGRÉ-EN-ANJOU-BLEU,0,384619,388655
49345,BELLEVIGNE-EN-LAYON,214525,181195,175451
49367,ERDRE-EN -ANJOU,207582,167901,236640
49373,LYS-HAUT LAYON,277590,244097,313360
49377,RIVES-DU-LOIR-EN-ANJOU,0,109945,132358
50025,AVRANCHES,127992,133308,371366
50082,BRICQUEBEC-EN-COTENTIN,170674,150690,309768
50090,BUAIS-LES-MONTS,21359,19633,55941
50095,CANISY,52746,45750,93351
50099,CARENTAN-LES-MARAIS,156558,184119,331939
50115,LE GRIPPON,10838,12179,0
50129,CHERBOURG-EN-COTENTIN,60996,180418,0
50139,CONDE SUR VIRE,0,66753,117451
50142,VICQ-SUR-MER,42858,38400,0
50168,DUCEY-LES CHERIS,0,44819,111713
50197,GAVRAY-SUR-SIENNE,0,43751,84992
50209,GONNEVILLE-LE THEIL,51596,45597,104743
50215,GOUVILLE-SUR-MER,68489,68871,183066
50236,LA HAYE,136027,112207,157346
50239,THEREVAL,53949,46361,51798
50260,JUVIGNY LES VALLEES,82561,62529,67176
50267,LESSAY,6411,53717,119830
50273,MONTSENELLE,47970,40674,104851
50292,MARIGNY-LE-LOZON,71514,55560,169328
50359,MORTAIN-BOCAGE,97968,70718,157519
50363,MOYON VILLAGES,41107,34924,62191
50388,ORVAL SUR SIENNE,35542,32176,0
50391,GRANDPARIGNY,73785,63517,147821
50393,PERCY-EN-NORMANDIE,73232,66481,199744
50400,PICAUVILLE,111589,94430,212597
50409,PONT-HEBERT,47398,38220,83152
50410,PONTORSON,126976,109479,289311
50412,PORT-BAIL-SUR-MER,0,64896,116911
50417,QUETTEHOU,0,33028,91741
50419,QUETTREVILLE-SUR-SIENNE,75351,76289,137686
50431,REMILLY LES MARAIS,38880,31833,0
50436,ROMAGNY-FONTENAY,0,37632,70190
50444,SAINT-AMAND-VILLAGES,0,50993,108244
50484,SAINT-HILAIRE-DU-HARCOUET,86257,109402,258648
50487,SAINT-JAMES,167208,124294,221610
50492,SAINT-JEAN-D'ELLE,73277,60716,120321
50523,SAINTE-MERE-EGLISE,69163,65161,138126
50535,LE PARC,31729,27637,0
50546,BOURGVALLEES,88059,80166,153273
50550,SAINT-SAUVEUR-VILLAGES,93381,81370,109715
50564,TERRE-ET-MARAIS,40931,35240,0
50565,SARTILLY-BAIE-BOCAGE,91412,71653,161827
50582,SOURDEVAL,86770,78914,246966
50591,LE TEILLEUL,40107,60392,137551
50592,TESSY-BOCAGE,19522,46071,83281
50597,TIREPIED-SUR-SEE,31154,23609,0
50601,TORIGNY-LES-VILLES,111863,82907,213074
50639,VILLEDIEU-LES-POELES-ROUFFIGNY,6412,63579,248264
51030,AY-CHAMPAGNE,0,90706,186075
51075,BOURGOGNE-FRESNE,0,28465,54463
51171,CORMICY,33924,41048,0
51564,VAL DE LIVRE,0,13270,0
51612,BLANCS-COTEAUX,6849,46195,76821
52064,BOURMONT-ENTRE-MEUSE-ET-MOUZON,0,23919,49909
52140,COLOMBEY-LES-DEUX-EGLISES,0,16639,41433
52187,EPIZON,0,4823,0
52331,LA PORTE DU DER,58323,54771,217076
52405,LE MONTSAUGEONNAIS,38105,33277,120317
52411,RIVES DERVOISES,42664,39988,135263
52449,SAINTS-GEOSMES,0,7630,0
52529,VILLEGUSIEN-LE-LAC,30813,26998,85466
53017,VAL DU MAINE,6768,18553,0
53029,BIERNÉ-LES-VILLAGES,0,33193,48279
53062,CHÂTEAU-GONTIER-SUR-MAYENNE,0,65526,557792
53097,EVRON,162566,138883,356018
53104,GENNES-LONGUEFUYE,0,33845,71148
53124,PRÉE D'ANJOU,0,35719,0
53136,LA ROCHE-NEUVILLE,0,28204,0
53137,LOIRON-RUILLE,80262,66927,158827
53161,MONTSÛRS,0,60318,149253
53185,PRE-EN-PAIL-SAINT-SAMSON,0,81471,167420
53228,BLANDOUET-SAINT-JEAN,0,17934,0
53255,SAINTE-SUZANNE-ET-CHAMMES,0,34492,105215
54099,VAL DE BRIEY,0,123788,174271
54557,BOIS-DE-HAYE,0,20306,0
55150,DEMANGE-BAUDIGNECOURT,14850,11716,0
55537,DOUAUMONT-VAUX,0,1727,0
56033,CARENTOIR,131831,88282,198919
56061,LA GACILLY,0,70381,9589
56102,FORGES DE LANOUEE,0,71151,0
56144,EVELLYS,168120,130958,257963
56165,PLOERMEL,0,10870,0
56173,PLUMELIAU-BIEUZY,133350,126079,202454
56197,VAL D'OUST,77355,72318,198683
56251,THEIX-NOYALO,0,125181,0
57021,ANCY-DORNOT,0,23128,0
57148,COLLIGNY MAIZERY,13135,11504,0
57439,MANDEREN-RITZING,0,18836,0
57482,OGY-MONTOY-FLANVILLE,9574,27023,0
57578,REZONVILLE-VIONVILLE,0,10123,0
58026,BEAULIEU,0,8439,0
58204,VAUX D'AMOGNES,23615,19478,0
59260,GHYVELDE,0,80082,174080
59588,TETEGHEM-COUDEKERQUE-VILLAGE,0,115085,0
60029,AUNEUIL,0,62224,121387
60054,LES HAUTS-TALICAN,0,18667,0
60088,BORNEL,0,86764,0
60196,LA DRENNE,0,20387,0
60209,LA CORNE-EN-VEXIN,8420,11349,0
60245,FORMERIE,0,29980,85116
60256,MONTCHEVREUIL,14558,27543,0
60570,SAINT-CREPIN-IBOUVILLERS,0,21775,0
60644,TRIE-CHATEAU,0,25974,0
60682,VILLERS-SAINT- FRAMBOURG-OGNON,0,14184,0
61007,ATHIS-VAL DE ROUVRE,119623,104640,198827
61050,COUR- MAUGIS SUR HUISNE,0,28287,0
61081,CHAILLOUE,5076,28684,0
61096,RIVES D ANDAINE,23506,68048,70854
61116,SABLONS SUR HUISNE,73143,58422,155549
61145,DOMFRONT EN POIRAIE,14955,86734,244011
61153,ECOUCHE LES VALLEES,7425,47738,104683
61167,LA FERTE-EN-OUCHE,136871,116573,68664
61168,FERTE MACE,110900,102854,357483
61194,MONTS SUR ORNE,13797,24842,0
61196,BELFORET EN PERCHE,56926,49248,137235
61211,JUVIGNY VAL D ANDAINE,90089,76973,101245
61228,L'ORÉE-D'ÉCOUVES,0,22774,0
61230,LONGNY LES VILLAGES,142694,120814,301982
61292,MONTSECRET-CLAIREFOUGERE,25830,22190,0
61294,MORTRÉE,40281,30722,79584
61309,PERCHE EN NOCE,87264,73937,100152
61324,PASSAIS VILLAGES,53617,43863,106464
61339,PUTANGES-LE-LAC,90250,69677,136920
61341,ECOUVES,18711,50805,95808
61345,REMALARD EN PERCHE,69439,56654,155591
61375,BOISCHAMPRE,0,41345,84366
61429,CHARENCEY,15584,23300,0
61460,SAP-EN-AUGE,26895,23412,0
61463,LES MONTS D ANDAINE,61922,53862,158156
61474,GOUFFERN EN AUGE,125585,104880,85320
61483,BAGNOLES DE L ORNE NORMANDIE,0,43400,120301
61484,VAL AU PERCHE,4777,69651,83671
61486,TINCHEBRAY BOCAGE,152282,138817,398870
61491,TOUROUVRE EN PERCHE,121234,106151,283600
62154,BONNIERES,0,20255,0
62295,ENQUIN-LES-GUINEGATTE,47552,43211,127933
62471,BELLINGHEM,27596,23018,0
62691,SAINT AUGUSTIN,23028,18755,0
62757,SAINT-MARTIN-LEZ-TATINGHEM,114332,93292,0
63160,AULHAT-FLAT,29612,25927,0
63226,MUR-SUR-ALLIER,39759,60013,100139
63244,CHAMBARON-SUR-MORGE,0,28859,0
63255,NONETTE-ORSONNETTE,0,14783,0
63335,SAINT-DIÉRY,0,19494,0
63448,LE VERNET-CHAMÉANE,65388,47753,0
64225,ANCE FÉAS,0,38636,41291
65081,BENQUE-MOLERE,10011,8426,0
65282,LOUDENVIELLE,1160,9341,4664
65399,SALIGOS,0,4101,0
67004,SOMMERAU,37759,32393,0
67153,GEISWILLER-ZOEBERSDORF,0,5719,0
67202,HOCHFELDEN,0,56409,142357
67372,VAL-DE-MODER,79290,75884,236010
67418,ROUNTZENHEIM-AUENHEIM,36894,28843,0
67495,TRUCHTERSHEIM ,0,65501,207774
67539, WINGERSHEIM LES 4 BANS ,0,40728,0
68006,BERNWILLER,0,20520,0
68012,ASPACH-MICHELBACH,0,25267,0
68056,BRUNSTATT-DIDENHEIM,0,104628,0
68143,PORTE DU RIED,0,26752,0
68162,KAYSERSBERG VIGNOBLE,0,64656,6032
68201,MASEVAUX-NIEDERBRUCK,0,53606,117594
68219,LE-HAUT-SOULTZBACH,0,17477,0
68240,ILLTAL,0,27437,0
68320,SPECHBACH,0,22890,0
69019,BELLEVILLE-EN-BEAUJOLAIS,141623,165192,375235
69024,VAL-D'OINGT,129666,89171,219842
69066,COURS,0,97287,157869
69135,DEUX-GROSNES,0,102014,46543
69157,VINDRY-SUR-TURDINE,0,98722,0
69159,PORTE-DES-PIERRES-DOREES,67973,66687,0
69179,BEAUVALLON,0,57809,0
69208,SAINT-GERMAIN-NUELLES,0,36375,0
69228,CHABANIÈRE,0,106127,215233
69248,THIZY-LES-BOURGS,0,143499,218934
69255,VAUGNERAY,0,102015,0
70245,FOUGEROLLES-SAINT-VALBERT,110048,88237,130164
70285,HÉRICOURT,10983,8373,0
70418,LA ROMAINE,15021,12016,0
70489,SERVANCE-MIELLIN,0,35096,0
70491,SEVEUX-MOTEY,0,10817,0
71134,NAVOUR-SUR-GROSNE,0,19378,0
71204,FRAGNES - LA LOYERE,0,11716,0
71279,LE ROUSSET-MARIZY,0,36910,58417
71578,CLUX-VILLENEUVE,9461,8366,0
71582,LA VINEUSE SUR FREGANDE,0,22594,0
72023,BALLON-SAINT MARS,70933,60931,142448
72025,BAZOUGES CRÉ SUR LOIR,72568,59892,0
72071,MONTVAL-SUR-LOIR,18544,114382,249733
72080,CHERRE-AU,0,17870,0
72128,VAL D'ETANGSON,10205,21531,0
72137,VILLENEUVE-EN-PERSEIGNE,85166,69297,95777
72138,FRESNAY-SUR-SARTHE,41065,55467,89653
72176,LE LUDE,21847,77155,213383
72189,MAROLLES-LES-BRAULTS,0,33618,68078
72219,BERNAY-NEUVY-EN-CHAMPAGNE,16957,23938,0
72262,LOIR EN VALLÉE,108251,88872,126949
72308,SAINT PATERNE-LE CHEVAIN,0,35732,0
72363,TUFFÉ VAL DE LA CHÉRONNE,0,33274,71586
73003,GRAND-AIGUEBLANCHE,0,43958,0
73006,AIME LA PLAGNE,0,138302,190666
73010,ENTRELACS,0,132699,176740
73135,LA-TOUR-EN-MAURIENNE,0,13853,0
73150,LA PLAGNE TARENTAISE,0,139069,188288
73151,PORTE-DE-SAVOIE,0,46808,0
73187,LA LÉCHÈRE,0,15402,0
73212,VAL-D'ARC,0,33456,43516
73215,VALGELON-LA ROCHETTE,0,50980,13831
73235,SAINT FRANÇOIS LONGCHAMP,0,40063,0
73236,SAINT-GENIX-LES-VILLAGES,0,62434,62322
73257,LES BELLEVILLE,0,25909,0
73263,SAINT-OFFENGE,0,30053,0
73290,VAL-CENIS,0,65780,114631
74010,ANNECY,0,140757,0
74112,EPAGNY METZ-TESSY,0,74195,0
74123,FAVERGES-SEYTHENEX,0,138480,152564
74167,VAL DE CHAISE,0,29957,0
74212,GLIÈRES-VAL-DE-BORNE,0,62334,0
74275,TALLOIRES-MONTMIN,0,36390,0
74282,FILLIÈRE,0,229064,187720
74289,VALLIÈRES-SUR-FIER,0,35525,0
76034,VAL-DE-SCIE,22488,43245,0
76041,LES-HAUTS-DE-CAUX,0,27675,0
76146,BUCHY,72194,56960,132140
76164,RIVES-EN-SEINE,0,47226,1963
76258,TERRES-DE-CAUX,109676,90784,137601
76276,FORGES LES EAUX,7394,40792,71986
76289,SAINT MARTIN DE L'IF,53604,46782,0
76401,ARELAUNE-EN-SEINE,0,55655,101533
76476,PORT-JEROME-SUR-SEINE,0,21353,0
77109,CHENOISE-CUCHARMOY,38131,34329,0
77316,MORET-LOING-ET-ORVANNE,0,186191,230100
77433,BEAUTHEIL-SAINTS,68104,52467,0
77504,VILLEMARÉCHAL,0,22043,0
78320,NOTRE-DAME-DE-LA-MER,0,3950,0
78551,SAINT-GERMAIN-EN-LAYE,0,46260,0
79005,AIRVAULT  ,0,40824,4135
79013,ARGENTONNAY,145711,120503,217362
79014,LORETZ-D'ARGENTON,0,71556,0
79030,BEAUSSAIS-VITRE,45548,35016,0
79061,CELLES-SUR-BELLE,0,93166,184887
79063,VAL EN VIGNES,101968,82375,163956
79064,FONTIVILLIE,44323,32849,0
79077,BEUGNON-THIREUIL,0,23146,0
79078,PLAINE D'ARGENSON,0,26075,0
79083,CHEF-BOUTONNE,51972,54654,166470
79105,LES CHATELIERS ,0,19199,0
79136,ALLOINAY,0,31108,0
79140,VALDELAUME,14387,43601,0
79174,MELLE,40525,124765,173182
79179,MONCOUTANT-SUR-SÈVRE ,19193,119192,138912
79185,AIGONDIGNÉ,204780,163153,182814
79196,PLAINE-ET-VALLEES,0,69109,0
79217,PRAILLES-LA COUARDE,0,36017,0
79242,VOULMENTIN,43338,37889,0
79251,MARCILLE,42051,30407,0
79280,SAINT MAURICE  ETUSSON,0,42164,0
79285,SAINT PARDOUX-SOUTIERS,72547,55092,131078
79329,THOUARS,0,226122,357255
79334,VAL-DU-MIGNON,0,35032,0
80295,ETINEHEM-MERICOURT,21390,17288,0
80442,HOMBLEUX,28168,22905,0
80485,Ô-DE-SELLE,4440,29029,0
80505,CARNOY-MAMETZ,0,7848,0
80509,MARCHELEPOT-MISERY,12706,12812,0
80621,HYPERCOURT,0,14916,0
80625,TROIS-RIVIERES,16318,23999,0
81026,BELLEGARDE-MARSAL,31571,26010,0
81062,FONTRIEU,0,86605,89695
81218,PUYGOUZON,0,60164,0
81233,TERRE-DE-BANCALIE,89358,65930,0
85008,AUBIGNY-LES CLOUZEAUX,170702,141221,0
85009,AUCHAY-SUR-VENDÉE,46617,30833,0
85019,BELLEVIGNY,157940,138824,372883
85080,DOIX LÈS FONTAINES,50955,43069,0
85084,ESSARTS EN BOCAGE,0,202111,295158
85090,SÈVREMONT,216686,180699,386239
85146,MONTAIGU-VENDÉE,196983,353274,234205
85152,LES ACHARDS,0,91936,100266
85154,MOUILLERON-SAINT-GERMAIN,0,53410,0
85162,RIVES-D'AUTISE,82687,51934,0
85177,LES VELLUIRE-SUR-VENDÉE,20562,31674,0
85197,MONTRÉVERD,134106,110283,260632
85213,RIVES DE L'YON,136769,115231,0
85302,CHANVERRIE,43016,106048,0
86019,BEAUMONT-SAINT-CYR,89827,76561,122193
86053,CHAMPIGNY EN ROCHEREAU,64369,51258,97613
86082,VALENCE-EN-POITOU,117774,98629,142735
86115,JAUNAY-MARIGNY,38927,138413,0
86123,BOIVRE-LA-VALLEE,59432,98901,0
86245,SENILLE-ST SAUVEUR,0,44599,0
86281,SAINT-MARTIN-LA-PALLU,169561,148047,235178
87028,VAL D'OIRE ET GARTEMPE,30131,71807,71310
87097,VAL D'ISSOIRE,50915,42713,96849
87128,SAINT-PARDOUX-LE-LAC,48132,45765,0
88029,LA VOGE LES BAINS,66522,58017,176034
88176,FONTENOY-LE-CHATEAU,27329,29507,73816
88218,GRANGES-AUMONTZEY,102083,82575,176602
88361,PROVENCHÈRES-ET-COLROY,56801,44993,104547
88465,CAPAVENIR VOSGES,0,147823,0
88475,TOLLAINCOURT,1313,4810,0
89003,MONTHOLON,88267,69957,119102
89086,CHARNY OREE DE PUISAYE,328038,219608,225216
89130,DEUX RIVIERES,43321,37401,120482
89196,VALRAVILLON,56430,46374,114873
89197,GUILLON-TERRE PLAINE,0,25840,27775
89334,LE VAL D'OCRE,24746,20708,0
89388,SEPEAUX - SAINT ROMAIN,0,21929,0
89405,LES HAUTS DE FORTERRE,12180,22840,41601
89411,LES VALLEES DE LA VANNE,36749,31126,105424
89420,TREIGNY-PERREUSE-SAINTE COLOMBE,47005,45696,88851
89441,VERMENTON,0,38354,109148
90068,MEROUX-MOVAL,0,13970,0
91390,LE MÉRÉVILLOIS,0,49835,118736
95040,AVERNES,0,14455,0
