Informations générales - Code INSEE de la commune,Nom de la commune,2019,2020,2021
01004,AMBERIEU-EN-BUGEY,0,0,0
01033,VALSERHÔNE,0,0,0
01053,BOURG-EN-BRESSE,0,0,0
01173,GEX,106555,0,0
01283,OYONNAX,0,0,0
02095,BOHAIN-EN-VERMANDOIS,0,0,0
02168,CHATEAU-THIERRY,0,0,0
02173,CHAUNY,0,0,0
02361,GUISE,0,157350,139867
02381,HIRSON,0,0,0
02408,LAON,0,0,0
02691,SAINT-QUENTIN,0,0,0
02722,SOISSONS,0,0,0
02738,TERGNIER,0,0,0
02810,VILLERS-COTTERETS,0,0,0
03095,CUSSET,0,0,0
03185,MONTLUCON,0,0,0
03190,MOULINS,0,0,0
03310,VICHY,0,0,0
03321,YZEURE,0,54803,0
04070,DIGNE-LES-BAINS,0,0,0
04112,MANOSQUE,0,0,0
05023,BRIANCON,78208,0,0
05061,GAP,0,0,0
06012,BEAUSOLEIL,162105,0,0
06030,CANNET,249990,0,0
06069,GRASSE,310747,0,0
06149,TRINITE,111990,0,0
07010,ANNONAY,0,0,0
07019,AUBENAS,0,0,0
07324,TOURNON-SUR-RHONE,0,0,0
08081,BOGNY-SUR-MEUSE,0,0,0
08105,CHARLEVILLE-MEZIERES,0,0,0
08328,NOUZONVILLE,0,0,0
08362,RETHEL,0,0,0
08363,REVIN,0,0,0
08409,SEDAN,0,0,0
09122,FOIX,0,0,0
09225,PAMIERS,0,0,0
10033,BAR-SUR-AUBE,0,0,0
10081,CHAPELLE-SAINT-LUC,0,0,0
10297,PONT-SAINTE-MARIE,0,0,0
10323,ROMILLY-SUR-SEINE,0,0,0
10333,SAINT-ANDRE-LES-VERGERS,0,0,0
10362,SAINTE-SAVINE,0,0,0
10387,TROYES,0,0,0
11069,CARCASSONNE,0,0,0
11076,CASTELNAUDARY,0,0,0
11145,FLEURY,0,0,0
11170,GRUISSAN,166208,0,0
11202,LEUCATE,373682,0,0
11203,LEZIGNAN-CORBIERES,0,0,0
11206,LIMOUX,0,0,0
11262,NARBONNE,0,0,0
12145,MILLAU,0,0,0
12176,ONET-LE-CHATEAU,0,0,0
12202,RODEZ,0,0,0
12300,VILLEFRANCHE-DE-ROUERGUE,0,0,0
13002,ALLAUCH,141773,0,0
13004,ARLES,0,0,0
13005,AUBAGNE,0,0,0
13007,AURIOL,154309,0,0
13014,BERRE-L'ETANG,115819,0,0
13026,CHATEAUNEUF-LES-MARTIGUES,0,0,0
13027,CHATEAURENARD,0,0,0
13028,CIOTAT,445434,0,0
13041,GARDANNE,0,0,0
13047,ISTRES,0,0,0
13054,MARIGNANE,0,0,0
13055,MARSEILLE,0,0,0
13063,MIRAMAS,0,0,0
13069,PELISSANNE,114385,0,0
13077,PORT-DE-BOUC,0,0,0
13097,SAINT-MARTIN-DE-CRAU,68519,0,0
13103,SALON-DE-PROVENCE,0,0,0
13106,SEPTEMES-LES-VALLONS,0,0,0
13108,TARASCON,0,0,0
13117,VITROLLES,0,0,0
14047,BAYEUX,0,0,0
14118,CAEN,0,0,0
14167,COLOMBELLES,0,0,0
14258,FALAISE,0,0,0
14327,HEROUVILLE-SAINT-CLAIR,0,0,0
14341,IFS,0,0,0
14366,LISIEUX,0,0,0
14431,MEZIDON-VALLEE-D'AUGE,0,0,0
14437,MONDEVILLE,0,0,0
14666,SANNERVILLE,0,0,0
14762,VIRE NORMANDIE,0,0,0
15014,AURILLAC,0,0,0
16015,ANGOULEME,0,0,0
16102,COGNAC,0,0,0
16374,SOYAUX,0,0,0
17299,ROCHEFORT,0,0,0
17300,ROCHELLE,0,0,0
17385,SAINT-PIERRE-D'OLERON,63779,0,0
17415,SAINTES,0,0,0
18033,BOURGES,0,0,0
18197,SAINT-AMAND-MONTROND,0,229238,0
18279,VIERZON,0,0,0
19031,BRIVE-LA-GAILLARDE,0,0,0
19073,EGLETONS,0,0,0
19272,TULLE,0,0,0
19275,USSEL,0,0,0
21054,BEAUNE,0,0,0
21166,CHENOVE,0,0,0
21171,CHEVIGNY-SAINT-SAUVEUR,0,0,0
21231,DIJON,0,0,0
21515,QUETIGNY,0,216782,0
21617,TALANT,0,0,0
22050,DINAN,0,0,0
22070,GUINGAMP,0,0,0
22093,LAMBALLE-ARMOR,0,0,0
22113,LANNION,0,0,0
22136,LOUDEAC,0,0,0
22187,PLERIN,96687,0,0
22215,PLOUFRAGAN,0,0,0
22278,SAINT-BRIEUC,0,0,0
23096,GUERET,0,0,0
24037,BERGERAC,0,0,0
24053,BOULAZAC ISLE MANOIRE,71296,0,0
24322,PERIGUEUX,0,0,0
24520,SARLAT-LA-CANEDA,0,0,0
25031,AUDINCOURT,0,0,0
25056,BESANCON,0,0,0
25057,BETHONCOURT,0,0,0
25284,GRAND-CHARMONT,0,0,0
25388,MONTBELIARD,0,0,0
25462,PONTARLIER,106434,0,0
25580,VALENTIGNEY,0,0,0
26057,BOURG-DE-PEAGE,0,0,0
26058,BOURG-LES-VALENCE,0,0,0
26198,MONTELIMAR,0,0,0
26235,PIERRELATTE,0,0,0
26252,PORTES-LES-VALENCE,0,0,0
26281,ROMANS-SUR-ISERE,0,0,0
26325,SAINT-RAMBERT-D'ALBON,0,41022,0
26362,VALENCE,0,0,0
27056,BERNAY,0,0,0
27165,CONCHES-EN-OUCHE,0,0,0
27229,EVREUX,0,0,0
27275,GAILLON,0,0,0
27284,GISORS,0,0,0
27375,LOUVIERS,0,0,0
27467,PONT-AUDEMER,0,0,0
27681,VERNON,0,0,0
27701,VAL-DE-REUIL,0,0,0
28085,CHARTRES,0,0,0
28088,CHATEAUDUN,0,0,0
28134,DREUX,0,0,0
28218,LUCE,0,0,0
28229,MAINVILLIERS,0,0,0
28280,NOGENT-LE-ROTROU,0,0,0
28404,VERNOUILLET,0,0,0
29019,BREST,0,0,0
29039,CONCARNEAU,99315,0,0
29042,CROZON,46697,0,0
29046,DOUARNENEZ,105596,0,0
29103,LANDERNEAU,0,0,0
29151,MORLAIX,0,0,0
29189,PLOUGASTEL-DAOULAS,142030,0,0
29212,PLOUZANE,0,0,0
29232,QUIMPER,0,0,0
29233,QUIMPERLE,0,0,0
29235,RELECQ-KERHUON,53515,0,0
2A004,AJACCIO,0,0,0
2B033,BASTIA,0,0,0
2B042,BORGO,0,0,0
2B096,CORTE,0,0,0
30007,ALES,0,0,0
30028,BAGNOLS-SUR-CEZE,0,0,0
30032,BEAUCAIRE,0,0,0
30132,GRAND-COMBE,0,0,0
30189,NIMES,0,0,0
30202,PONT-SAINT-ESPRIT,0,0,0
30258,SAINT-GILLES,0,0,0
30321,SOMMIERES,0,0,0
30341,VAUVERT,0,0,0
31113,CASTANET-TOLOSAN,0,0,0
31116,CASTELGINEST,0,0,0
31149,COLOMIERS,0,0,0
31157,CUGNAUX,0,0,0
31187,FONSORBES,0,0,0
31395,MURET,0,0,0
31424,PLAISANCE-DU-TOUCH,0,0,0
31446,RAMONVILLE-SAINT-AGNE,0,0,0
31451,REVEL,0,0,0
31483,SAINT-GAUDENS,0,0,0
31555,TOULOUSE,0,0,0
32013,AUCH,0,0,0
33003,AMBARES-ET-LAGRAVE,0,0,0
33039,BEGLES,0,0,0
33063,BORDEAUX,1210714,0,0
33119,CENON,0,0,0
33162,EYSINES,0,0,0
33167,FLOIRAC,0,0,0
33199,GUJAN-MESTRAS,236544,0,0
33238,LEOGNAN,79655,0,0
33243,LIBOURNE,0,0,0
33249,LORMONT,0,0,0
33318,PESSAC,0,0,0
33366,SAINT-ANDRE-DE-CUBZAC,0,0,0
33522,TALENCE,0,0,0
33550,VILLENAVE-D'ORNON,236421,0,0
34032,BEZIERS,0,0,0
34057,CASTELNAU-LE-LEZ,122705,0,0
34079,CLERMONT-L'HERAULT,101304,0,0
34108,FRONTIGNAN,0,0,0
34114,GIGNAC,72832,0,0
34123,JUVIGNAC,0,0,0
34142,LODEVE,0,0,0
34145,LUNEL,0,0,0
34150,MARSEILLAN,101874,0,0
34157,MEZE,0,0,0
34172,MONTPELLIER,0,0,0
34301,SETE,0,0,0
34337,VILLENEUVE-LES-MAGUELONE,0,0,0
35024,BETTON,109579,0,0
35047,BRUZ,0,0,0
35055,CHANTEPIE,0,0,0
35115,FOUGERES,0,0,0
35210,PACE,56818,0,0
35236,REDON,79976,0,0
35238,RENNES,0,0,0
35281,SAINT-JACQUES-DE-LA-LANDE,0,0,0
35288,SAINT-MALO,0,752726,0
35360,VITRE,113318,0,0
36044,CHATEAUROUX,0,0,0
36088,ISSOUDUN,0,0,0
37003,AMBOISE,0,0,0
37050,CHAMBRAY-LES-TOURS,0,0,0
37063,CHATEAU-RENAULT,0,0,0
37109,FONDETTES,54754,0,0
37122,JOUE-LES-TOURS,0,0,0
37156,MONTLOUIS-SUR-LOIRE,0,0,0
37195,RICHE,0,0,0
37233,SAINT-PIERRE-DES-CORPS,0,0,0
37261,TOURS,0,0,0
38053,BOURGOIN-JALLIEU,0,0,0
38151,ECHIROLLES,0,0,0
38169,FONTAINE,0,0,0
38185,GRENOBLE,0,0,0
38193,ISLE-D'ABEAU,0,0,0
38298,PEAGE-DE-ROUSSILLON,0,0,0
38317,PONT-DE-CLAIX,0,0,0
38318,PONT-EVEQUE,0,0,0
38421,SAINT-MARTIN-D'HERES,0,0,0
38509,TOUR-DU-PIN,0,0,0
38544,VIENNE,0,0,0
38553,VILLEFONTAINE,0,0,0
38563,VOIRON,0,0,0
39198,DOLE,0,0,0
39300,LONS-LE-SAUNIER,0,0,0
39478,SAINT-CLAUDE,0,589258,0
40088,DAX,0,0,0
40192,MONT-DE-MARSAN,0,0,0
40279,SAINT-PAUL-LES-DAX,0,0,0
40281,SAINT-PIERRE-DU-MONT,0,0,0
40310,SOUSTONS,80696,0,0
41018,BLOIS,0,0,0
41194,ROMORANTIN-LANTHENAY,0,0,0
41269,VENDOME,0,0,0
42005,ANDREZIEUX-BOUTHEON,0,91890,0
42044,CHAMBON-FEUGEROLLES,0,0,0
42095,FIRMINY,0,0,0
42103,GRAND-CROIX,0,0,0
42147,MONTBRISON,0,0,0
42183,RICAMARIE,0,0,0
42184,RIORGES,0,0,0
42186,RIVE-DE-GIER,0,0,0
42187,ROANNE,0,0,0
42189,ROCHE-LA-MOLIERE,216480,0,0
42207,SAINT-CHAMOND,0,0,0
42218,SAINT-ETIENNE,0,0,0
42279,SAINT-JUST-SAINT-RAMBERT,0,137619,0
43157,PUY-EN-VELAY,0,0,0
44003,ANCENIS-SAINT-GEREON,0,0,0
44015,BLAIN,0,0,0
44036,CHATEAUBRIANT,0,0,0
44069,GUERANDE,87612,0,0
44109,NANTES,0,0,0
44129,PONTCHATEAU,0,0,0
44143,REZE,0,0,0
44162,SAINT-HERBLAIN,0,0,0
44184,SAINT-NAZAIRE,0,0,0
45004,AMILLY,0,0,0
45068,CHALETTE-SUR-LOING,0,0,0
45075,CHAPELLE-SAINT-MESMIN,59919,0,0
45147,FLEURY-LES-AUBRAIS,0,0,0
45155,GIEN,0,0,0
45208,MONTARGIS,0,0,0
45234,ORLEANS,0,0,0
45252,PITHIVIERS,0,0,0
45284,SAINT-JEAN-DE-BRAYE,0,0,0
45285,SAINT-JEAN-DE-LA-RUELLE,0,0,0
45302,SARAN,0,0,0
46042,CAHORS,0,0,0
46102,FIGEAC,0,0,0
47001,AGEN,0,0,0
47157,MARMANDE,0,0,0
47323,VILLENEUVE-SUR-LOT,0,0,0
48095,MENDE,0,0,0
49007,ANGERS,0,0,0
49015,AVRILLE,63691,0,0
49018,BAUGE-EN-ANJOU,0,0,0
49023,BEAUPREAU-EN-MAUGES,0,0,0
49050,BRISSAC LOIRE AUBANCE,0,0,0
49069,OREE-D'ANJOU,0,0,0
49092,CHEMILLE-EN-ANJOU,0,0,0
49099,CHOLET,0,0,0
49125,DOUE-EN-ANJOU,0,0,0
49218,MONTREVAULT-SUR-EVRE,0,0,0
49244,MAUGES-SUR-LOIRE,0,0,0
49246,PONTS-DE-CE,0,0,0
49301,SEVREMOINE,0,0,0
49307,LOIRE-AUTHION,662846,589197,515547
49328,SAUMUR,0,0,0
49331,SEGRÉ-EN-ANJOU-BLEU,0,0,0
49353,TRELAZE,0,0,0
49367,ERDRE-EN -ANJOU,0,54311,0
50025,AVRANCHES,0,0,0
50099,CARENTAN-LES-MARAIS,0,0,0
50129,CHERBOURG-EN-COTENTIN,0,0,0
50147,COUTANCES,0,0,0
50218,GRANVILLE,0,0,0
50502,SAINT-LO,0,0,0
51108,CHALONS-EN-CHAMPAGNE,0,0,0
51230,EPERNAY,0,0,0
51250,FISMES,0,0,0
51388,MOURMELON-LE-GRAND,0,0,0
51454,REIMS,0,0,0
51506,SAINT-MEMMIE,0,0,0
51573,TINQUEUX,0,0,0
51649,VITRY-LE-FRANCOIS,0,0,0
52121,CHAUMONT,0,0,0
52448,SAINT-DIZIER,0,0,0
53062,CHÂTEAU-GONTIER-SUR-MAYENNE,0,0,0
53130,LAVAL,0,0,0
53147,MAYENNE,0,0,0
54159,DOMBASLE-SUR-MEURTHE,108036,0,0
54274,JARVILLE-LA-MALGRANGE,0,0,0
54304,LAXOU,0,0,0
54323,LONGWY,0,0,0
54329,LUNEVILLE,0,0,0
54357,MAXEVILLE,0,0,0
54382,MONT-SAINT-MARTIN,0,0,0
54395,NANCY,0,0,0
54431,PONT-A-MOUSSON,0,0,0
54482,SAINT-MAX,0,0,0
54528,TOUL,0,0,0
54547,VANDOEUVRE-LES-NANCY,0,0,0
55029,BAR-LE-DUC,0,0,0
55122,COMMERCY,0,0,0
55545,VERDUN,0,0,0
56007,AURAY,0,0,0
56078,GUIDEL,125517,0,0
56083,HENNEBONT,0,0,0
56098,LANESTER,0,0,0
56121,LORIENT,0,0,0
56165,PLOERMEL,0,0,0
56178,PONTIVY,0,0,0
56206,SAINT-AVE,0,0,0
56260,VANNES,0,0,0
57019,AMNEVILLE,0,0,0
57058,BEHREN-LES-FORBACH,0,0,0
57097,BOULAY-MOSELLE,0,65749,0
57160,CREUTZWALD,0,0,0
57206,FAMECK,0,0,0
57207,FAREBERSVILLER,0,0,0
57221,FLORANGE,0,0,0
57227,FORBACH,0,0,0
57240,FREYMING-MERLEBACH,0,0,0
57306,HAYANGE,0,0,0
57332,HOMBOURG-HAUT,0,0,0
57433,MAIZIERES-LES-METZ,0,0,0
57463,METZ,0,0,0
57480,MONTIGNY-LES-METZ,0,0,0
57537,PETITE-ROSSELLE,0,0,0
57591,ROMBAS,994942,870574,0
57606,SAINT-AVOLD,0,0,0
57630,SARREBOURG,0,0,0
57631,SARREGUEMINES,0,0,0
57660,STIRING-WENDEL,0,0,0
57672,THIONVILLE,0,0,0
57683,UCKANGE,0,0,0
57751,WOIPPY,0,0,0
57757,YUTZ,0,0,0
58086,COSNE-COURS-SUR-LOIRE,0,0,0
58194,NEVERS,0,0,0
59008,ANICHE,0,0,0
59009,VILLENEUVE-D'ASCQ,0,0,0
59011,ANNOEULLIN,0,0,0
59014,ANZIN,0,0,0
59017,ARMENTIERES,0,0,0
59028,AUBY,0,0,0
59032,AULNOY-LEZ-VALENCIENNES,0,0,0
59033,AULNOYE-AYMERIES,0,0,0
59036,AVESNES-SUR-HELPE,343925,286605,229284
59043,BAILLEUL,0,0,0
59051,BASSEE,0,0,0
59052,BAUVIN,62886,0,0
59079,BEUVRAGES,0,0,0
59112,BRUAY-SUR-L'ESCAUT,0,0,0
59122,CAMBRAI,0,0,0
59136,CATEAU-CAMBRESIS,0,0,0
59139,CAUDRY,0,0,0
59152,COMINES,0,0,0
59153,CONDE-SUR-L'ESCAUT,0,0,0
59155,COUDEKERQUE-BRANCHE,0,0,0
59163,CROIX,0,0,0
59170,DECHY,0,0,0
59172,DENAIN,0,0,0
59178,DOUAI,0,0,0
59179,DOUCHY-LES-MINES,0,0,0
59183,DUNKERQUE,0,0,0
59205,ESCAUDAIN,0,0,0
59220,FACHES-THUMESNIL,0,0,0
59227,FENAIN,0,0,0
59230,FERRIERE-LA-GRANDE,0,0,0
59234,FLERS-EN-ESCREBIEUX,0,0,0
59249,FOURMIES,0,0,0
59253,FRESNES-SUR-ESCAUT,0,0,0
59271,GRANDE-SYNTHE,0,0,0
59279,HALLUIN,0,0,0
59286,HAUBOURDIN,0,0,0
59291,HAUTMONT,0,0,0
59295,HAZEBROUCK,0,0,0
59299,HEM,0,0,0
59324,JEUMONT,0,0,0
59327,LALLAING,0,0,0
59328,LAMBERSART,0,0,0
59350,LILLE,0,0,0
59360,LOOS,0,0,0
59365,LOUVROIL,0,0,0
59367,LYS-LEZ-LANNOY,0,0,0
59368,MADELEINE,0,0,0
59383,MARLY,0,0,0
59386,MARQUETTE-LEZ-LILLE,0,0,0
59392,MAUBEUGE,0,0,0
59400,MERVILLE,173117,0,0
59410,MONS-EN-BAROEUL,0,0,0
59421,MOUVAUX,139037,0,0
59447,ONNAING,0,0,0
59452,OSTRICOURT,0,0,0
59456,PECQUENCOURT,0,0,0
59481,QUESNOY,0,0,0
59484,QUIEVRECHAIN,0,0,0
59491,RAISMES,0,0,0
59507,RONCHIN,0,0,0
59508,RONCQ,74365,0,0
59509,ROOST-WARENDIN,0,0,0
59512,ROUBAIX,0,0,0
59526,SAINT-AMAND-LES-EAUX,0,0,0
59527,SAINT-ANDRE-LEZ-LILLE,0,0,0
59544,SAINT-SAULVE,0,0,0
59560,SECLIN,0,0,0
59569,SIN-LE-NOBLE,0,0,0
59574,SOMAIN,0,0,0
59599,TOURCOING,0,0,0
59606,VALENCIENNES,0,0,0
59616,VIEUX-CONDE,0,0,0
59632,WALLERS,0,0,0
59636,WAMBRECHIES,0,0,0
59648,WATTIGNIES,0,0,0
59650,WATTRELOS,0,0,0
59654,WAZIERS,0,0,0
60057,BEAUVAIS,0,0,0
60139,CHAMBLY,0,0,0
60141,CHANTILLY,38532,0,0
60157,CLERMONT,0,0,0
60159,COMPIEGNE,0,0,0
60175,CREIL,0,0,0
60176,CREPY-EN-VALOIS,0,0,0
60360,LIANCOURT,0,0,0
60395,MERU,0,0,0
60414,MONTATAIRE,0,0,0
60463,NOGENT-SUR-OISE,0,0,0
60471,NOYON,0,0,0
60509,PONT-SAINTE-MAXENCE,0,0,0
60581,SAINT-JUST-EN-CHAUSSEE,0,0,0
60612,SENLIS,81965,0,0
60684,VILLERS-SAINT-PAUL,0,0,0
61001,ALENCON,0,0,0
61006,ARGENTAN,0,0,0
61169,FLERS,0,0,0
61214,AIGLE,0,0,0
61464,SEES,50850,33900,0
62014,AIRE-SUR-LA-LYS,0,0,0
62040,ARQUES,228025,0,0
62041,ARRAS,0,0,0
62048,AUCHEL,0,0,0
62057,AUDRUICQ,0,0,0
62065,AVION,0,0,0
62083,BARLIN,0,0,0
62108,BERCK,0,0,0
62119,BETHUNE,0,0,0
62133,BILLY-MONTIGNY,0,0,0
62160,BOULOGNE-SUR-MER,0,0,0
62178,BRUAY-LA-BUISSIERE,0,0,0
62186,BULLY-LES-MINES,0,0,0
62193,CALAIS,0,0,0
62194,CALONNE-RICOUART,0,0,0
62215,CARVIN,0,0,0
62249,COURCELLES-LES-LENS,0,0,0
62250,COURRIERES,0,0,0
62268,DESVRES,0,0,0
62270,DIVION,0,0,0
62274,DOURGES,0,0,0
62318,ETAPLES,0,0,0
62351,FOUQUIERES-LES-LENS,0,0,0
62386,GRENAY,0,0,0
62397,GUINES,0,0,0
62400,HAILLICOURT,837102,744090,651079
62413,HARNES,0,0,0
62427,HENIN-BEAUMONT,0,0,0
62443,HERSIN-COUPIGNY,0,0,0
62457,HOUDAIN,0,0,0
62497,LEFOREST,0,0,0
62498,LENS,0,0,0
62510,LIEVIN,0,0,0
62516,LILLERS,0,0,0
62523,LOISON-SOUS-LENS,0,0,0
62525,LONGUENESSE,0,0,0
62528,LOOS-EN-GOHELLE,0,0,0
62548,MARCK,0,0,0
62555,MARLES-LES-MINES,0,0,0
62560,MARQUISE,0,0,0
62563,MAZINGARBE,0,0,0
62570,MERICOURT,0,0,0
62587,MONTIGNY-EN-GOHELLE,0,0,0
62617,NOEUX-LES-MINES,0,0,0
62624,NOYELLES-GODAULT,0,0,0
62628,NOYELLES-SOUS-LENS,0,0,0
62637,OIGNIES,0,0,0
62643,OUTREAU,0,0,0
62667,PORTEL,0,0,0
62724,ROUVROY,0,0,0
62737,SAINS-EN-GOHELLE,0,0,0
62746,SAINT-ETIENNE-AU-MONT,0,0,0
62758,SAINT-MARTIN-BOULOGNE,0,0,0
62764,SAINT-NICOLAS,392470,343411,294352
62765,SAINT-OMER,0,0,0
62771,SALLAUMINES,0,0,0
62842,VENDIN-LE-VIEIL,0,0,0
62895,WINGLES,0,0,0
62907,LIBERCOURT,0,0,0
63014,AUBIERE,0,0,0
63032,BEAUMONT,63964,0,0
63113,CLERMONT-FERRAND,0,0,0
63124,COURNON-D'AUVERGNE,0,0,0
63164,GERZAT,0,0,0
63178,ISSOIRE,0,0,0
63284,PONT-DU-CHATEAU,85826,0,0
63300,RIOM,0,0,0
63430,THIERS,0,0,0
64102,BAYONNE,0,0,0
64129,BILLERE,0,0,0
64260,HENDAYE,85221,0,0
64410,MOURENX,0,0,0
64422,OLORON-SAINTE-MARIE,0,0,0
64445,PAU,0,0,0
65059,BAGNERES-DE-BIGORRE,0,0,0
65286,LOURDES,0,0,0
65440,TARBES,0,0,0
66136,PERPIGNAN,0,0,0
66171,SAINT-CYPRIEN,110914,0,0
66172,SAINT-ESTEVE,0,0,0
66180,SAINT-LAURENT-DE-LA-SALANQUE,0,0,0
67043,BISCHHEIM,0,0,0
67046,BISCHWILLER,0,0,0
67067,BRUMATH,60751,53157,45563
67130,ERSTEIN,56615,0,0
67180,HAGUENAU,0,0,0
67204,HOENHEIM,0,0,0
67218,ILLKIRCH-GRAFFENSTADEN,0,0,0
67267,LINGOLSHEIM,0,0,0
67365,OSTWALD,0,0,0
67437,SAVERNE,0,0,0
67447,SCHILTIGHEIM,0,0,0
67482,STRASBOURG,0,0,0
68063,CERNAY,0,0,0
68066,COLMAR,0,0,0
68112,GUEBWILLER,0,0,0
68154,ILLZACH,0,0,0
68166,KINGERSHEIM,0,55994,0
68224,MULHOUSE,0,0,0
68271,RIEDISHEIM,85886,0,0
68297,SAINT-LOUIS,0,0,0
68298,SAINTE-MARIE-AUX-MINES,0,0,0
68375,WITTELSHEIM,0,0,0
68376,WITTENHEIM,0,0,0
69019,BELLEVILLE-EN-BEAUJOLAIS,0,0,0
69029,BRON,0,0,0
69081,ECULLY,0,0,0
69091,GIVORS,0,0,0
69123,LYON,0,0,0
69149,OULLINS,0,0,0
69152,PIERRE-BENITE,0,0,0
69199,SAINT-FONS,0,0,0
69243,TARARE,0,0,0
69256,VAULX-EN-VELIN,0,0,0
69259,VENISSIEUX,0,0,0
69264,VILLEFRANCHE-SUR-SAONE,0,0,0
69266,VILLEURBANNE,0,0,0
69275,DECINES-CHARPIEU,0,0,0
69276,FEYZIN,0,93378,0
69282,MEYZIEU,0,0,0
69286,RILLIEUX-LA-PAPE,0,0,0
69290,SAINT-PRIEST,0,0,0
70279,GRAY,0,0,0
70285,HÉRICOURT,0,0,0
70550,VESOUL,0,0,0
71014,AUTUN,0,0,0
71076,CHALON-SUR-SAONE,0,0,0
71153,CREUSOT,0,0,0
71270,MACON,0,0,0
71306,MONTCEAU-LES-MINES,0,0,0
71310,MONTCHANIN,0,123361,0
72003,ALLONNES,0,0,0
72095,COULAINES,0,0,0
72154,FLECHE,0,0,0
72180,MAMERS,0,0,0
72181,MANS,0,0,0
72264,SABLE-SUR-SARTHE,0,0,0
73011,ALBERTVILLE,0,0,0
73065,CHAMBERY,0,0,0
74012,ANNEMASSE,0,0,0
74042,BONNEVILLE,115103,0,0
74081,CLUSES,0,0,0
74133,GAILLARD,0,0,0
74224,ROCHE-SUR-FORON,178980,153411,127843
74225,RUMILLY,0,0,0
74243,SAINT-JULIEN-EN-GENEVOIS,48195,0,0
74281,THONON-LES-BAINS,663709,580745,497781
76057,BARENTIN,0,0,0
76114,BOLBEC,0,0,0
76157,CANTELEU,0,0,0
76165,CAUDEBEC-LES-ELBEUF,0,0,0
76178,CLEON,0,0,0
76212,DARNETAL,0,0,0
76216,DEVILLE-LES-ROUEN,0,0,0
76217,DIEPPE,0,0,0
76231,ELBEUF,0,0,0
76259,FECAMP,0,0,0
76319,GRAND-COURONNE,0,0,0
76322,GRAND-QUEVILLY,0,0,0
76341,HARFLEUR,0,0,0
76351,HAVRE,0,0,0
76384,LILLEBONNE,0,0,0
76410,MAROMME,0,0,0
76447,MONTIVILLIERS,0,0,0
76451,MONT-SAINT-AIGNAN,0,0,0
76462,NEUFCHATEL-EN-BRAY,141667,125926,110185
76484,OISSEL,0,0,0
76495,PAVILLY,0,0,0
76497,PETIT-COURONNE,0,0,0
76498,PETIT-QUEVILLY,0,0,0
76540,ROUEN,0,0,0
76575,SAINT-ETIENNE-DU-ROUVRAY,0,0,0
76681,SOTTEVILLE-LES-ROUEN,0,0,0
76758,YVETOT,0,0,0
77014,AVON,0,0,0
77053,BRIE-COMTE-ROBERT,76534,0,0
77058,BUSSY-SAINT-GEORGES,182600,0,0
77079,CHAMPAGNE-SUR-SEINE,0,0,0
77083,CHAMPS-SUR-MARNE,0,0,0
77108,CHELLES,0,0,0
77122,COMBS-LA-VILLE,0,0,0
77131,COULOMMIERS,0,0,0
77152,DAMMARIE-LES-LYS,0,0,0
77183,FERTE-SOUS-JOUARRE,0,377435,0
77186,FONTAINEBLEAU,78140,0,0
77243,LAGNY-SUR-MARNE,0,0,0
77251,LIEUSAINT,0,0,0
77258,LOGNES,0,0,0
77284,MEAUX,0,0,0
77285,MEE-SUR-SEINE,0,0,0
77288,MELUN,0,0,0
77294,MITRY-MORY,0,0,0
77296,MOISSY-CRAMAYEL,0,0,0
77305,MONTEREAU-FAULT-YONNE,0,0,0
77327,NANGIS,0,0,0
77333,NEMOURS,0,0,0
77337,NOISIEL,0,0,0
77350,OZOIR-LA-FERRIERE,131385,0,0
77373,PONTAULT-COMBAULT,0,0,0
77379,PROVINS,0,0,0
77390,ROISSY-EN-BRIE,0,0,0
77407,SAINT-FARGEAU-PONTHIERRY,80021,68590,57158
77445,SAVIGNY-LE-TEMPLE,0,0,0
77464,THORIGNY-SUR-MARNE,0,0,0
77468,TORCY,0,0,0
77479,VAIRES-SUR-MARNE,0,0,0
77514,VILLEPARISIS,0,0,0
78005,ACHERES,0,0,0
78029,AUBERGENVILLE,0,0,0
78123,CARRIERES-SOUS-POISSY,0,0,0
78138,CHANTELOUP-LES-VIGNES,0,0,0
78165,CLAYES-SOUS-BOIS,81959,70250,58542
78172,CONFLANS-SAINTE-HONORINE,116627,0,0
78242,FONTENAY-LE-FLEURY,58413,0,0
78297,GUYANCOURT,0,0,0
78335,LIMAY,0,0,0
78361,MANTES-LA-JOLIE,0,0,0
78362,MANTES-LA-VILLE,0,0,0
78440,MUREAUX,0,0,0
78490,PLAISIR,238246,204211,170176
78498,POISSY,0,0,0
78545,SAINT-CYR-L'ECOLE,0,0,0
78586,SARTROUVILLE,0,0,0
78621,TRAPPES,0,0,0
78642,VERNEUIL-SUR-SEINE,0,0,0
78643,VERNOUILLET,0,0,0
78644,VERRIERE,0,0,0
78674,VILLEPREUX,52868,45315,37763
79049,BRESSUIRE,0,0,0
79191,NIORT,0,0,0
79202,PARTHENAY,0,0,0
79270,SAINT-MAIXENT-L'ECOLE,0,0,0
79329,THOUARS,0,0,0
80001,ABBEVILLE,0,0,0
80016,ALBERT,0,0,0
80021,AMIENS,0,0,0
80212,CORBIE,89197,0,0
80253,DOULLENS,0,0,0
80410,HAM,58587,48823,40686
80489,LONGUEAU,0,0,0
80561,MONTDIDIER,0,0,0
80620,PERONNE,0,0,0
80685,ROYE,0,0,0
81004,ALBI,0,0,0
81060,CARMAUX,725471,0,0
81065,CASTRES,0,0,0
81099,GAILLAC,0,0,0
81105,GRAULHET,0,0,0
81140,LAVAUR,0,0,0
81163,MAZAMET,0,0,0
82033,CASTELSARRASIN,0,0,0
82112,MOISSAC,0,0,0
82121,MONTAUBAN,0,0,0
82134,NEGREPELISSE,0,0,0
83016,BEAUSSET,62517,0,0
83023,BRIGNOLES,0,0,0
83047,CRAU,268587,0,0
83049,CUERS,0,0,0
83050,DRAGUIGNAN,0,0,0
83062,GARDE,0,0,0
83072,LORGUES,86407,0,0
83073,LUC,0,0,0
83086,MUY,0,0,0
83090,OLLIOULES,62486,0,0
83116,SAINT-MAXIMIN-LA-SAINTE-BAUME,0,0,0
83126,SEYNE-SUR-MER,0,0,0
83130,SOLLIES-PONT,0,0,0
83137,TOULON,0,0,0
83148,VIDAUBAN,0,0,0
84003,APT,0,0,0
84007,AVIGNON,0,0,0
84019,BOLLENE,0,0,0
84031,CARPENTRAS,0,0,0
84035,CAVAILLON,0,0,0
84054,ISLE-SUR-LA-SORGUE,186895,0,0
84080,MONTEUX,0,0,0
84087,ORANGE,0,0,0
84088,PERNES-LES-FONTAINES,198850,0,0
84089,PERTUIS,0,0,0
84092,PONTET,0,0,0
84129,SORGUES,0,0,0
84141,VEDENE,0,0,0
85047,CHALLANS,73843,0,0
85092,FONTENAY-LE-COMTE,0,0,0
85128,LUCON,0,0,0
85146,MONTAIGU-VENDÉE,0,87193,0
85191,ROCHE-SUR-YON,0,0,0
85194,LES SABLES-D'OLONNE,333033,333033,333033
85288,TALMONT-SAINT-HILAIRE,106228,91052,75877
86041,BUXEROLLES,0,0,0
86066,CHATELLERAULT,0,0,0
86194,POITIERS,0,0,0
87085,LIMOGES,0,0,0
87114,PANAZOL,0,0,0
87154,SAINT-JUNIEN,0,0,0
88160,EPINAL,0,0,0
88196,GERARDMER,65399,0,0
88304,MIRECOURT,0,0,0
88367,RAMBERVILLERS,0,0,0
88372,RAON-L'ETAPE,0,0,0
88413,SAINT-DIE-DES-VOSGES,0,0,0
89024,AUXERRE,0,0,0
89206,JOIGNY,0,0,0
89257,MIGENNES,0,0,0
89387,SENS,0,0,0
89418,TONNERRE,0,217891,193681
90010,BELFORT,0,0,0
91021,ARPAJON,0,0,0
91027,ATHIS-MONS,0,0,0
91103,BRETIGNY-SUR-ORGE,0,0,0
91114,BRUNOY,0,0,0
91174,CORBEIL-ESSONNES,0,0,0
91200,DOURDAN,0,0,0
91201,DRAVEIL,0,0,0
91215,EPINAY-SOUS-SENART,0,0,0
91216,EPINAY-SUR-ORGE,57706,0,0
91223,ETAMPES,0,0,0
91228,EVRY-COURCOURONNES,0,0,0
91235,FLEURY-MEROGIS,0,0,0
91286,GRIGNY,0,0,0
91326,JUVISY-SUR-ORGE,0,0,0
91345,LONGJUMEAU,0,0,0
91377,MASSY,0,0,0
91386,MENNECY,60546,0,0
91421,MONTGERON,0,0,0
91434,MORSANG-SUR-ORGE,0,0,0
91477,PALAISEAU,156688,0,0
91521,RIS-ORANGIS,0,0,0
91549,SAINTE-GENEVIEVE-DES-BOIS,0,0,0
91552,SAINT-GERMAIN-LES-ARPAJON,0,0,0
91570,SAINT-MICHEL-SUR-ORGE,0,0,0
91589,SAVIGNY-SUR-ORGE,0,0,0
91657,VIGNEUX-SUR-SEINE,0,0,0
91687,VIRY-CHATILLON,0,0,0
91691,YERRES,154272,0,0
91692,ULIS,0,0,0
92004,ASNIERES-SUR-SEINE,494328,423710,353092
92007,BAGNEUX,0,0,0
92019,CHATENAY-MALABRY,0,0,0
92023,CLAMART,170726,0,0
92024,CLICHY,0,0,0
92025,COLOMBES,0,0,0
92032,FONTENAY-AUX-ROSES,0,0,0
92036,GENNEVILLIERS,0,0,0
92046,MALAKOFF,0,0,0
92050,NANTERRE,0,0,0
92078,VILLENEUVE-LA-GARENNE,0,0,0
93001,AUBERVILLIERS,0,0,0
93005,AULNAY-SOUS-BOIS,0,0,0
93006,BAGNOLET,0,0,0
93007,BLANC-MESNIL,0,0,0
93008,BOBIGNY,0,0,0
93010,BONDY,0,0,0
93013,BOURGET,0,0,0
93014,CLICHY-SOUS-BOIS,0,0,0
93027,COURNEUVE,0,0,0
93029,DRANCY,0,0,0
93030,DUGNY,0,0,0
93031,EPINAY-SUR-SEINE,0,0,0
93032,GAGNY,0,0,0
93039,ILE-SAINT-DENIS,0,0,0
93045,LILAS,0,0,0
93046,LIVRY-GARGAN,0,0,0
93047,MONTFERMEIL,0,0,0
93048,MONTREUIL,0,0,0
93049,NEUILLY-PLAISANCE,0,0,0
93050,NEUILLY-SUR-MARNE,0,0,0
93051,NOISY-LE-GRAND,0,0,0
93053,NOISY-LE-SEC,0,0,0
93055,PANTIN,0,0,0
93057,PAVILLONS-SOUS-BOIS,0,0,0
93059,PIERREFITTE-SUR-SEINE,0,0,0
93061,PRE-SAINT-GERVAIS,0,0,0
93063,ROMAINVILLE,0,0,0
93064,ROSNY-SOUS-BOIS,0,0,0
93066,SAINT-DENIS,0,0,0
93070,SAINT-OUEN-SUR-SEINE,0,0,0
93071,SEVRAN,0,0,0
93072,STAINS,0,0,0
93073,TREMBLAY-EN-FRANCE,0,0,0
93077,VILLEMOMBLE,0,0,0
93078,VILLEPINTE,0,0,0
93079,VILLETANEUSE,0,0,0
94002,ALFORTVILLE,0,0,0
94003,ARCUEIL,0,0,0
94004,BOISSY-SAINT-LEGER,0,0,0
94011,BONNEUIL-SUR-MARNE,0,0,0
94016,CACHAN,0,0,0
94017,CHAMPIGNY-SUR-MARNE,0,0,0
94019,CHENNEVIERES-SUR-MARNE,186303,0,0
94021,CHEVILLY-LARUE,0,0,0
94022,CHOISY-LE-ROI,0,0,0
94028,CRETEIL,0,0,0
94033,FONTENAY-SOUS-BOIS,286668,245715,204763
94034,FRESNES,0,0,0
94037,GENTILLY,0,0,0
94038,HAY-LES-ROSES,0,0,0
94041,IVRY-SUR-SEINE,0,0,0
94042,JOINVILLE-LE-PONT,127875,109607,91339
94043,KREMLIN-BICETRE,0,0,0
94044,LIMEIL-BREVANNES,0,0,0
94046,MAISONS-ALFORT,183940,157663,131386
94054,ORLY,0,0,0
94059,PLESSIS-TREVISE,0,0,0
94060,QUEUE-EN-BRIE,0,0,0
94071,SUCY-EN-BRIE,132877,0,0
94073,THIAIS,0,0,0
94074,VALENTON,0,0,0
94076,VILLEJUIF,0,0,0
94077,VILLENEUVE-LE-ROI,0,0,0
94078,VILLENEUVE-SAINT-GEORGES,0,0,0
94079,VILLIERS-SUR-MARNE,0,0,0
94081,VITRY-SUR-SEINE,0,0,0
95018,ARGENTEUIL,0,0,0
95019,ARNOUVILLE,0,0,0
95063,BEZONS,0,0,0
95127,CERGY,0,0,0
95176,CORMEILLES-EN-PARISIS,95982,0,0
95197,DEUIL-LA-BARRE,0,0,0
95199,DOMONT,115712,0,0
95203,EAUBONNE,85291,0,0
95218,ERAGNY,0,0,0
95219,ERMONT,0,0,0
95252,FRANCONVILLE,0,0,0
95268,GARGES-LES-GONESSE,0,0,0
95277,GONESSE,0,0,0
95280,GOUSSAINVILLE,0,0,0
95323,JOUY-LE-MOUTIER,0,0,0
95351,LOUVRES,0,0,0
95394,MERY-SUR-OISE,0,0,0
95424,MONTIGNY-LES-CORMEILLES,0,0,0
95427,MONTMAGNY,0,0,0
95476,OSNY,0,0,0
95487,PERSAN,0,0,0
95500,PONTOISE,0,0,0
95539,SAINT-BRICE-SOUS-FORET,0,0,0
95555,SAINT-GRATIEN,0,0,0
95572,SAINT-OUEN-L'AUMONE,0,0,0
95582,SANNOIS,0,0,0
95585,SARCELLES,0,0,0
95598,SOISY-SOUS-MONTMORENCY,106915,0,0
95607,TAVERNY,0,0,0
95637,VAUREAL,0,0,0
95680,VILLIERS-LE-BEL,0,0,0
